{"dates": ["2020-07-14"], "samples": [[{"Massachusetts": 5.426271934442423}], [{"Massachusetts": 5.353124831357854}], [{"Massachusetts": 5.045022167792866}]]}