{"dates": ["2020-07-14"], "samples": [[{"Massachusetts": 3.342318790845094}], [{"Massachusetts": 3.3351521736185914}], [{"Massachusetts": 3.304965689627786}]]}