{"dates": ["2020-07-14"], "samples": [[{"Massachusetts": 3.5961829139628385}], [{"Massachusetts": 3.5774923347892336}], [{"Massachusetts": 3.4987658099629226}]]}