{"dates": ["2020-07-14"], "samples": [[{"Massachusetts": 14.639692277422391}], [{"Massachusetts": 14.219793579386701}], [{"Massachusetts": 12.451139704704978}]]}